1,2_20141006171219.jpg,24,23,\N,\N,1,48
2,0_20141006174625.jpg,21,22,\N,\N,1,45
3,0_20140913145539.jpg,22,23,\N,\N,1,36
4,0_20141006175455.jpg,24,22,\N,\N,1,35
5,madrid_112.JPG,20,20,\N,\N,1,33
6,24anysAgo.jpg,24,23,\N,\N,1,28
7,15anysAgo.JPG,15,16,\N,\N,1,29
8,15anyets.JPG,15,19,\N,\N,1,25
9,sergio2.png,31,28,\N,\N,1,25
10,IMG-20140919-WA0013.jpg,0,2,\N,\N,1,22
11,marta2.png,4,5,\N,\N,1,24
12,sergio.png,31,28,\N,\N,1,21
13,ASDFSD.JPG,23,0,\N,\N,0,0
14,SDFSFSDFFFFF.jpg,16,15,\N,\N,1,23
15,sdfsdfsdf.jpg,17,16,\N,\N,1,22
16,Screen_Shot_2014-10-22_at_2.55.37_PM.png,17,18,\N,\N,1,23
17,Screen_Shot_2014-10-22_at_3.05.14_PM.png,3,3,\N,\N,1,25
18,gerard_ACIA_profile.jpg,21,23,\N,\N,1,33
19,4785_94310111333_6313215_n.jpg,17,21,\N,\N,1,35
20,37923_408422966333_1154565_n.jpg,16,22,\N,\N,0,1
21,1916686_373669751333_2255518_n.jpg,2,3,\N,\N,1,30
22,14450_1275940539395_6818278_n.jpg,17,19,\N,\N,1,32
23,10464342_10152183642086334_7129560999753501793_n.jpg,22,22,\N,\N,1,33
24,grar.jpg,17,19,\N,\N,1,33
25,1.jpg,25,21,\N,\N,1,18
26,2.jpg,22,22,\N,\N,1,20
27,3.jpg,24,23,\N,\N,1,20
28,4.png,22,19,\N,\N,1,21
29,5.png,26,23,\N,\N,1,20
30,1185706382_f.jpg,14,0,\N,\N,0,0
31,1185706382_f_1.jpg,14,14,\N,\N,1,30
32,20120810_163124-1.jpg,22,23,\N,\N,1,32
33,SAM_0226.JPG,22,23,\N,\N,1,22
34,image.jpg,24,23,\N,\N,1,22
35,Me.JPG,14,16,\N,\N,1,27
36,DSC01466.JPG,14,14,\N,\N,1,28
37,Anna.jpg,15,19,\N,\N,1,19
38,Alice_001.jpg,0,0,\N,\N,1,20
39,BB_7385.jpg,52,48,\N,\N,1,20
40,DSCF1677.JPG,76,46,\N,\N,1,20
41,188680_1720727150525_3721230_n.jpg,22,23,\N,\N,1,22
42,2013-11-08_13.13.33.jpg,24,22,\N,\N,1,22
43,2013-09-27_16.30.04.jpg,24,24,\N,\N,1,20
44,P2280012.JPG,23,22,\N,\N,1,23
45,jabella1.jpg,29,23,\N,\N,1,18
46,jabella2.jpg,28,23,\N,\N,1,22
47,T.jpg,10,8,\N,\N,1,19
48,IMG_0088.JPG,16,14,\N,\N,1,19
49,Tomohiro.jpg,6,41,\N,\N,1,20
50,Thonas2.JPG,17,22,\N,\N,1,21
51,DSCF1676.JPG,52,38,\N,\N,1,21
52,ISA1024.jpg,50,38,\N,\N,1,19
53,IMG_7926.jpg,50,45,\N,\N,1,21
54,IMG_7366.jpg,50,42,\N,\N,1,19
55,IMG_7364.jpg,47,49,\N,\N,1,23
56,poalS.jpg,35,0,\N,\N,0,0
57,poalS_1.jpg,35,32,\N,\N,1,26
58,AnnePoal.jpg,33,30,\N,\N,1,23
59,Poal.jpg,30,26,\N,\N,1,25
60,166044_10151492909272800_402357158_n.jpg,25,24,\N,\N,1,21
61,547853_4354788707475_1676342948_n.jpg,24,23,\N,\N,1,23
62,425143_3262325756584_868676888_n.jpg,23,23,\N,\N,1,24
63,10399632_43664432799_6127_n.jpg,20,21,\N,\N,1,21
64,10399632_43664877799_7446_n.jpg,20,21,\N,\N,1,24
65,me.jpg,25,22,\N,\N,1,19
66,1d1810b.jpg,24,23,\N,\N,1,23
67,0fdcc6e8-5227-48c7-91c8-7bea94d7ee8d.jpg,22,22,\N,\N,1,21
68,1380190_652691621434078_498124394_n.jpg,7,6,\N,\N,1,19
69,1441201_10202559379325290_502985944_n.jpg,25,23,\N,\N,1,17
70,10552554_10204476171885060_6856862285958625289_n.jpg,26,21,\N,\N,1,19
71,jo.jpg,24,24,\N,\N,1,21
72,477595_3948729111295_1380744801_o.jpg,22,25,\N,\N,1,20
73,215905_10150226083799042_5239543_n.jpg,21,25,\N,\N,1,18
74,57927_1566194231522_5376386_n.jpg,20,25,\N,\N,1,18
75,20172_275087489041_697201_n.jpg,22,21,\N,\N,1,18
76,20172_275087859041_3489951_n.jpg,19,21,\N,\N,1,19
77,408429_10150562943984042_335299530_n.jpg,22,24,\N,\N,1,21
78,poal1.jpg,37,33,\N,\N,1,21
79,Poal_1.jpg,27,28,\N,\N,1,21
80,1_1.jpg,21,23,\N,\N,1,23
81,2_1.jpg,25,28,\N,\N,1,24
82,3_1.jpg,22,22,\N,\N,1,23
83,4.jpg,22,25,\N,\N,1,25
84,5.jpg,18,23,\N,\N,1,21
85,Screenshot_from_2014-10-30_193613.png,20,24,\N,\N,1,21
86,Screenshot_from_2014-10-30_193632.png,24,0,\N,\N,0,0
87,Screenshot_from_2014-10-30_193650.png,22,26,\N,\N,1,20
88,Screenshot_from_2014-10-30_193709.png,22,26,\N,\N,1,22
89,Screenshot_from_2014-10-30_193724.png,23,26,\N,\N,1,23
90,Screenshot_from_2014-10-30_194221.png,23,24,\N,\N,1,24
91,Screenshot_from_2014-10-30_194437.png,26,25,\N,\N,1,21
92,Screenshot_from_2014-10-30_194503.png,24,25,\N,\N,1,20
93,Screenshot_from_2014-10-30_194518.png,24,0,\N,\N,0,0
94,Screenshot_from_2014-10-30_194555.png,22,24,\N,\N,1,21
95,0358c37.jpg,17,19,\N,\N,1,28
96,bytheface.jpg,19,19,\N,\N,1,25
97,1455151_10201989446474184_69077875_n.jpg,22,20,\N,\N,1,18
98,seleccion.jpg,23,13,\N,\N,0,6
99,220px-Johnny_Galecki_2011.jpg,36,35,\N,\N,1,23
100,Jim_Parsons_Comic_Con.jpg,36,32,\N,\N,1,20
101,San_Diego_Comic-Con_2009_Kaley_Cuoco.jpg,24,29,\N,\N,1,19
102,220px-Simon_Helberg.JPG,29,32,\N,\N,1,19
103,250px-Kunal_Nayyar_2009.JPG,28,31,\N,\N,1,19
104,foto1-cropped.jpg,23,24,\N,\N,1,19
105,pamela.png,39,38,\N,\N,1,20
106,IMG_20140828_024238-SMILE.jpg,22,0,\N,\N,0,0
107,pablo.jpg,24,21,\N,\N,1,23
108,IMG_20140828_024238-SMILE_1.jpg,22,0,\N,\N,0,0
109,gcc.jpg,0,0,\N,\N,0,0
110,SAM_0656.JPG,0,0,\N,\N,0,0
112,gcc_1.jpg,0,0,\N,\N,0,0
113,gcc_2.jpg,22,21,\N,\N,1,21
114,SAM_0656_1.JPG,23,21,\N,\N,1,18
115,SAM_0530.JPG,23,22,\N,\N,1,27
116,P1070177.JPG,22,23,\N,\N,1,20
117,hectorrie.JPG,1,0,\N,\N,0,0
118,hectorrie_1.JPG,0,0,\N,\N,0,0
119,424px-Bill_Murray_Deauville_2011.jpg,61,60,\N,\N,1,21
120,1904266_10205349888893329_6552683703066462301_n.jpg,0,24,\N,\N,1,21
121,20140725_204936.jpg,24,24,\N,\N,1,23
122,20140418_200903.jpg,26,25,\N,\N,1,20
123,20131119_192921.jpg,27,24,\N,\N,1,20
124,Park_Güel_070.jpg,31,23,\N,\N,1,20
125,IMG_3462.jpg,23,23,\N,\N,1,19
126,20140112_174847.jpg,23,26,\N,\N,1,19
127,Foto0269.jpg,24,24,\N,\N,1,19
128,IMGP8427.JPG,23,24,\N,\N,1,21
129,IMGP8494.JPG,23,24,\N,\N,1,23
130,IMGP8370.JPG,23,23,\N,\N,1,22
131,IMGP8521.JPG,23,23,\N,\N,1,19
132,IMGP8550.JPG,23,25,\N,\N,1,18
133,419504_10150713227737975_928445185_n.jpg,23,26,\N,\N,1,21
134,603387_3464831627719_1793118886_n.jpg,23,29,\N,\N,1,22
135,IMGP0128.JPG,0,23,\N,\N,1,18
136,IMGP0130.JPG,0,24,\N,\N,1,19
137,IMGP9703.JPG,0,24,\N,\N,1,20
138,IMGP9106.JPG,0,23,\N,\N,1,19
139,IMGP7342.JPG,0,24,\N,\N,1,19
140,P1120436.JPG,59,56,\N,\N,1,19
141,P1120217.JPG,55,48,\N,\N,1,19
142,20141019_120515_.jpg,56,52,\N,\N,1,18
143,1931181_1051361809543_6081_n.jpg,17,21,\N,\N,1,19
144,38712_1561295957578_583290_n.jpg,20,24,\N,\N,1,20
145,57947_1635884062234_5071323_n.jpg,19,22,\N,\N,1,20
146,892818_10200901522405579_885956823_o.jpg,20,21,\N,\N,1,29
147,405793_10201172119170329_1615142302_n.jpg,23,23,\N,\N,1,19
148,1003915_10202793283618427_540222823_n.jpg,2,4,\N,\N,1,23
149,1486858_10203112480238143_1667207622_n.jpg,24,23,\N,\N,1,22
150,10636703_10204890438365985_3401924694113189264_o.jpg,24,25,\N,\N,1,23
151,20140719_001745.jpg,26,22,\N,\N,1,17
152,1_2.jpg,23,22,\N,\N,1,17
153,IMG_3363.jpg,24,22,\N,\N,1,16
154,IMG_3514.JPG,24,23,\N,\N,1,19
155,391171_2830677172291_492747953_n.jpg,21,23,\N,\N,1,18
156,993976_10201866949621632_1470791399_n.jpg,23,22,\N,\N,1,14
157,32590_10200707266990291_473573565_n.jpg,22,24,\N,\N,1,16
158,20140829_132535.jpg,56,55,\N,\N,1,15
159,20140906_123410.jpg,56,56,\N,\N,1,18
160,100_3629.JPG,56,52,\N,\N,1,17
161,IMG_20130924_193602.jpg,33,25,\N,\N,1,14
162,IMG_20131117_163540.jpg,34,29,\N,\N,1,17
163,IMG_20141111_141032.jpg,29,33,\N,\N,1,13
164,28_0_20141112122853.jpg,23,24,\N,\N,1,13
165,28_1_20141112122853.jpg,23,27,\N,\N,1,15
166,28_2_20141112122853.jpg,23,24,\N,\N,1,17
167,78_0_20141112164600.JPG,28,26,\N,\N,1,16
169,78_0_20141112164933.jpg,28,24,\N,\N,1,13
170,78_0_20141112165120.jpg,28,30,\N,\N,1,18
171,78_0_20141112165716.jpg,33,26,\N,\N,1,14
172,78_0_20141112165747.jpg,33,22,\N,\N,1,16
173,64_0_20141113110747.jpg,22,22,\N,\N,1,14
174,16_0_20141114164058.JPG,22,22,\N,\N,1,15
175,16_0_20141114170354.JPG,23,21,\N,\N,1,14
176,16_1_20141114170354.jpg,23,22,\N,\N,1,13
177,16_2_20141114170354.jpg,23,21,\N,\N,1,13
178,16_3_20141114170354.jpg,22,20,\N,\N,1,13
179,16_4_20141114170354.jpg,21,22,\N,\N,1,15
180,16_5_20141114170354.jpg,20,21,\N,\N,1,15
181,16_6_20141114170354.jpg,20,18,\N,\N,1,15
182,16_7_20141114170354.jpg,18,19,\N,\N,1,13
183,16_8_20141114170354.jpg,20,20,\N,\N,1,15
184,16_0_20141114170455.jpg,5,6,\N,\N,0,10
187,16_0_20141114171957.png,20,20,\N,\N,1,16
188,16_1_20141114171957.jpg,20,22,\N,\N,1,15
189,86_0_20141117015623.jpg,25,20,\N,\N,1,16
190,6_0_20141119151704.jpg,23,23,\N,\N,1,15
191,6_0_20141119151838.jpg,23,22,\N,\N,1,13
192,6_1_20141119151838.jpg,23,22,\N,\N,1,11
193,6_2_20141119151838.jpg,23,22,\N,\N,1,12
194,6_3_20141119151838.jpg,23,23,\N,\N,1,10
195,6_0_20141119152800.jpg,17,17,\N,\N,1,13
196,6_1_20141119152800.jpg,17,17,\N,\N,1,12
197,6_2_20141119152800.jpg,16,17,\N,\N,1,15
198,6_3_20141119152800.jpg,16,19,\N,\N,1,11
199,6_4_20141119152800.jpg,16,20,\N,\N,1,13
200,6_5_20141119152800.jpg,16,17,\N,\N,1,11
201,6_6_20141119152800.jpg,16,19,\N,\N,1,11
202,6_7_20141119152800.jpg,16,19,\N,\N,1,12
203,6_0_20141119153816.jpg,10,8,\N,\N,1,12
204,6_1_20141119153816.jpg,0,0,\N,\N,1,12
205,6_2_20141119153816.jpg,6,5,\N,\N,1,15
206,1_0_20141119153837.jpg,19,19,\N,\N,1,14
207,1_0_20141119154016.jpg,20,17,\N,\N,1,10
208,6_0_20141119154939.jpg,25,24,\N,\N,1,12
209,1_0_20141119155009.jpg,13,9,\N,\N,1,15
210,6_0_20141119155054.jpg,90,79,\N,\N,1,11
211,6_0_20141119155252.jpg,48,49,\N,\N,1,14
212,6_0_20141119155819.jpg,22,23,\N,\N,1,12
213,6_0_20141119160219.jpg,43,45,\N,\N,1,10
214,6_0_20141119160710.jpg,42,37,\N,\N,1,16
215,6_0_20141119161237.png,25,35,\N,\N,1,16
216,6_0_20141119161540.jpg,18,16,\N,\N,1,14
219,6_0_20141119161731.jpg,14,13,\N,\N,1,13
220,6_0_20141119161952.png,100,85,\N,\N,1,14
221,6_0_20141119163148.jpg,39,36,\N,\N,1,12
222,6_0_20141119163449.jpg,0,25,\N,\N,1,13
224,6_0_20141119163759.jpg,24,32,\N,\N,1,16
225,6_0_20141119164058.jpg,50,48,\N,\N,1,15
226,6_1_20141119164058.jpg,50,45,\N,\N,1,14
227,6_2_20141119164058.jpg,51,47,\N,\N,1,14
228,6_3_20141119164058.jpg,49,48,\N,\N,1,12
229,92_0_20141119193336.jpg,5,5,\N,\N,1,14
230,92_1_20141119193336.jpg,25,24,\N,\N,1,11
231,92_0_20141119194224.jpg,20,22,\N,\N,1,12
232,93_0_20141119231657.jpg,24,22,\N,\N,1,16
233,34_0_20141120154631.jpg,26,27,\N,\N,1,12
234,34_0_20141120154702.jpg,15,20,\N,\N,1,12
235,34_0_20141120154732.jpg,17,18,\N,\N,1,12
236,34_0_20141120154809.jpg,17,24,\N,\N,1,11
237,34_0_20141120154940.jpg,29,30,\N,\N,1,14
238,95_0_20141120223132.jpg,34,29,\N,\N,1,10
239,95_0_20141120224743.jpg,20,25,\N,\N,1,12
240,95_1_20141120224743.jpg,27,25,\N,\N,1,8
241,95_2_20141120224743.jpg,27,25,\N,\N,1,13
242,95_3_20141120224743.jpg,30,30,\N,\N,1,11
243,96_0_20141120225407.png,28,26,\N,\N,1,11
244,9_0_20141121200311.jpg,22,22,\N,\N,1,9
245,72_0_20141123230358.jpg,34,51,\N,\N,1,9
246,72_0_20141123230638.jpg,41,60,\N,\N,1,11
247,72_0_20141123230814.jpg,37,52,\N,\N,1,9
248,78_0_20141126101934.png,35,29,\N,\N,1,11
249,99_0_20141128103723.png,26,30,\N,\N,1,11
250,99_1_20141128103723.png,26,25,\N,\N,1,10
251,99_2_20141128103723.png,27,24,\N,\N,1,13
252,99_3_20141128103723.png,27,25,\N,\N,1,8
253,9_0_20141129142738.jpg,3,5,\N,\N,1,11
254,9_0_20141129143035.jpg,15,15,\N,\N,1,8
255,9_0_20141129145345.jpg,3,3,\N,\N,1,9
256,9_1_20141129145345.jpeg,14,16,\N,\N,1,9
257,9_0_20141129145744.JPG,16,19,\N,\N,1,13
258,9_0_20141129150728.JPG,17,20,\N,\N,1,10
259,9_1_20141129150728.jpg,12,12,\N,\N,1,10
260,100_0_20141201095740.jpg,22,24,\N,\N,1,9
261,100_1_20141201095740.jpg,22,24,\N,\N,1,10
262,100_2_20141201095740.jpg,21,23,\N,\N,1,9
263,100_3_20141201095740.jpg,21,23,\N,\N,1,10
264,100_4_20141201095740.jpg,20,23,\N,\N,1,12
265,100_0_20141201100430.jpg,18,19,\N,\N,1,9
266,100_1_20141201100430.jpg,16,19,\N,\N,1,10
268,1_0_20141217085655.jpg,34,39,\N,\N,1,9
269,1_0_20141217090428.jpg,64,38,\N,\N,1,6
270,1_0_20141217090545.jpg,23,39,\N,\N,1,7
271,1_0_20141217091509.jpg,56,48,\N,\N,1,8
272,1_0_20141217092123.jpg,76,65,\N,\N,1,7
273,1_0_20141217092626.jpg,56,56,\N,\N,1,8
274,1_0_20141217092821.jpg,48,47,\N,\N,1,7
275,1_1_20141217092821.jpg,39,51,\N,\N,1,7
276,1_2_20141217092821.jpg,25,29,\N,\N,1,9
277,1_0_20141217092915.jpg,29,29,\N,\N,1,9
278,1_0_20141217093347.jpg,32,33,\N,\N,1,9
279,1_1_20141217093347.jpg,55,48,\N,\N,1,8
280,1_2_20141217093347.jpg,67,74,\N,\N,1,7
281,1_3_20141217093347.jpg,27,30,\N,\N,1,9
282,1_0_20141219173716.jpg,34,36,\N,\N,1,8
283,1_1_20141219173716.jpg,28,30,\N,\N,1,5
284,1_2_20141219173716.jpg,13,21,\N,\N,1,7
285,1_0_20141219173907.jpg,23,24,\N,\N,1,10
286,1_1_20141219173907.jpg,27,23,\N,\N,1,8
287,1_2_20141219173907.jpg,53,35,\N,\N,1,7
288,1_3_20141219173907.jpg,23,25,\N,\N,1,12
289,1_4_20141219173907.jpg,30,27,\N,\N,1,8
290,1_0_20141219174047.jpg,57,65,\N,\N,1,8
291,1_1_20141219174047.JPG,15,21,\N,\N,1,7
292,1_2_20141219174047.jpg,12,16,\N,\N,1,8
293,1_3_20141219174047.jpg,27,35,\N,\N,1,8
294,1_4_20141219174047.jpg,46,43,\N,\N,1,7
295,1_5_20141219174047.jpg,35,35,\N,\N,1,8
296,1_6_20141219174047.jpg,25,26,\N,\N,1,6
297,1_7_20141219174047.jpg,14,28,\N,\N,1,8
298,1_0_20141219174458.png,27,28,\N,\N,1,10
299,1_1_20141219174458.jpg,84,79,\N,\N,1,7
300,1_2_20141219174458.jpg,31,32,\N,\N,1,10
301,1_3_20141219174458.jpg,18,22,\N,\N,1,7
302,1_4_20141219174458.jpg,57,49,\N,\N,1,5
303,1_5_20141219174458.jpg,41,42,\N,\N,1,10
304,1_6_20141219174458.jpg,30,31,\N,\N,1,6
305,1_7_20141219174458.jpg,28,29,\N,\N,1,6
306,1_8_20141219174458.jpg,32,35,\N,\N,1,11
307,1_9_20141219174458.jpg,30,28,\N,\N,1,7
308,1_0_20141219174811.jpg,31,24,\N,\N,1,8
309,1_1_20141219174811.jpg,39,42,\N,\N,1,7
310,1_2_20141219174811.png,9,7,\N,\N,1,8
311,1_3_20141219174811.jpg,35,32,\N,\N,1,11
312,1_4_20141219174811.jpg,65,45,\N,\N,1,10
313,1_5_20141219174811.jpg,23,27,\N,\N,1,9
314,1_6_20141219174811.jpg,49,37,\N,\N,1,8
315,1_7_20141219174811.jpg,45,46,\N,\N,1,7
316,1_8_20141219174811.jpg,65,53,\N,\N,1,8
317,1_9_20141219174811.jpg,65,53,\N,\N,1,8
318,1_0_20141219175038.jpg,44,36,\N,\N,1,10
319,1_1_20141219175038.jpg,20,24,\N,\N,1,8
320,1_2_20141219175038.jpg,22,24,\N,\N,1,10
321,1_3_20141219175038.jpg,41,40,\N,\N,1,5
322,1_4_20141219175038.jpg,45,55,\N,\N,1,9
323,1_5_20141219175038.jpg,38,35,\N,\N,1,8
324,1_6_20141219175038.jpg,13,12,\N,\N,1,11
325,1_7_20141219175038.jpg,13,15,\N,\N,1,5
326,1_8_20141219175038.jpg,63,64,\N,\N,1,9
327,1_9_20141219175038.jpg,26,29,\N,\N,1,7
328,1_0_20141219175247.jpg,30,30,\N,\N,1,9
329,1_1_20141219175247.jpg,45,48,\N,\N,1,7
330,1_2_20141219175247.jpg,27,28,\N,\N,1,7
331,1_3_20141219175247.jpg,42,46,\N,\N,1,6
332,1_4_20141219175247.jpg,42,49,\N,\N,1,10
333,1_5_20141219175247.jpg,32,34,\N,\N,1,9
334,1_6_20141219175247.jpg,53,55,\N,\N,1,10
335,1_7_20141219175247.jpg,28,26,\N,\N,1,7
336,1_8_20141219175247.jpg,33,30,\N,\N,1,8
337,1_0_20141219175533.jpg,36,33,\N,\N,1,6
338,1_1_20141219175533.jpg,36,36,\N,\N,1,8
339,1_2_20141219175533.png,15,23,\N,\N,1,8
340,1_3_20141219175533.jpg,65,62,\N,\N,1,8
341,1_4_20141219175533.jpg,62,59,\N,\N,1,7
342,1_5_20141219175533.jpg,52,48,\N,\N,1,11
343,1_6_20141219175533.jpg,22,27,\N,\N,1,8
344,1_7_20141219175533.jpg,25,32,\N,\N,1,7
345,1_8_20141219175533.jpg,29,26,\N,\N,1,5
346,1_0_20141219175741.jpg,57,59,\N,\N,1,6
347,1_1_20141219175741.jpg,57,57,\N,\N,1,9
348,1_2_20141219175741.jpg,58,59,\N,\N,1,7
349,1_3_20141219175741.jpg,23,25,\N,\N,1,7
350,1_4_20141219175741.jpg,25,26,\N,\N,1,6
351,1_5_20141219175741.jpg,33,36,\N,\N,1,10
352,1_6_20141219175741.jpg,44,39,\N,\N,1,8
353,1_7_20141219175741.jpg,39,30,\N,\N,1,8
354,1_8_20141219175741.png,41,37,\N,\N,1,7
355,1_9_20141219175741.jpg,27,27,\N,\N,1,6
356,1_0_20141219175927.jpg,27,30,\N,\N,1,7
357,1_1_20141219175927.jpg,28,24,\N,\N,1,8
358,1_2_20141219175927.jpg,32,27,\N,\N,1,10
359,1_3_20141219175927.jpg,33,30,\N,\N,1,6
360,1_4_20141219175927.jpg,28,28,\N,\N,1,9
361,1_5_20141219175927.jpg,27,32,\N,\N,1,8
362,1_6_20141219175927.jpg,27,35,\N,\N,1,10
363,1_7_20141219175927.jpg,34,29,\N,\N,1,6
364,1_8_20141219175927.jpg,25,28,\N,\N,1,6
365,1_0_20141219180042.jpg,51,41,\N,\N,1,9
366,1_1_20141219180042.jpg,28,34,\N,\N,1,7
367,1_2_20141219180042.jpg,28,30,\N,\N,1,9
368,18_0_20141224153550.jpg,51,53,\N,\N,1,10
369,18_0_20141224153806.png,33,37,\N,\N,1,6
370,18_1_20141224153806.jpg,31,27,\N,\N,1,7
371,18_2_20141224153806.jpg,36,41,\N,\N,1,7
372,18_3_20141224153806.jpg,59,56,\N,\N,1,5
373,18_4_20141224153806.jpg,41,42,\N,\N,1,8
374,18_5_20141224153806.jpg,38,0,\N,\N,0,1
375,18_6_20141224153806.jpg,44,39,\N,\N,1,8
376,18_7_20141224153806.jpg,43,42,\N,\N,1,9
377,18_8_20141224153806.jpg,41,33,\N,\N,1,6
378,18_0_20141224153934.jpg,38,39,\N,\N,1,10
379,108_0_20141225183303.jpg,60,58,\N,\N,1,6
380,108_0_20141225183930.jpg,61,57,\N,\N,1,9
381,108_0_20141225184213.jpg,37,35,\N,\N,1,8
382,4_0_20141225200150.jpg,22,22,\N,\N,1,7
383,4_1_20141225200150.jpg,24,31,\N,\N,1,9
384,4_2_20141225200150.jpg,42,48,\N,\N,1,8
385,4_3_20141225200150.jpg,80,74,\N,\N,1,7
386,4_4_20141225200150.jpg,64,62,\N,\N,1,7
387,4_5_20141225200150.jpg,72,60,\N,\N,1,7
388,4_6_20141225200150.gif,60,61,\N,\N,1,8
389,4_7_20141225200150.jpg,24,32,\N,\N,1,10
390,4_8_20141225200150.jpg,45,42,\N,\N,1,9
391,4_9_20141225200150.jpg,25,22,\N,\N,1,9
392,4_0_20141225200835.jpg,94,90,\N,\N,1,9
393,4_1_20141225200835.jpg,41,41,\N,\N,1,7
394,4_2_20141225200835.jpg,55,54,\N,\N,1,9
395,4_3_20141225200835.JPG,20,24,\N,\N,1,8
396,4_4_20141225200835.jpg,43,34,\N,\N,1,9
397,4_5_20141225200835.jpg,27,28,\N,\N,1,9
398,108_0_20141228112545.jpg,53,58,\N,\N,1,6
399,108_1_20141228112545.jpg,57,58,\N,\N,1,9
400,108_2_20141228112545.jpg,61,56,\N,\N,1,9
401,108_3_20141228112545.jpg,47,45,\N,\N,1,6
402,108_4_20141228112545.jpg,59,63,\N,\N,1,10
403,108_5_20141228112545.png,49,42,\N,\N,1,7
404,108_6_20141228112545.jpg,54,49,\N,\N,1,9
405,108_7_20141228112545.jpg,50,56,\N,\N,1,7
406,108_0_20141228194429.jpg,46,39,\N,\N,1,8
407,108_1_20141228194429.jpg,28,36,\N,\N,1,8
408,108_2_20141228194429.jpg,36,35,\N,\N,1,9
409,108_3_20141228194429.jpg,63,62,\N,\N,1,8
410,108_4_20141228194429.jpg,47,44,\N,\N,1,8
411,108_5_20141228194429.jpg,42,41,\N,\N,1,9
412,108_6_20141228194429.jpg,51,49,\N,\N,1,8
413,108_7_20141228194429.jpg,52,45,\N,\N,1,8
414,108_8_20141228194429.jpg,37,39,\N,\N,1,7
415,108_9_20141228194429.jpg,51,46,\N,\N,1,11
416,18_0_20141228194528.jpg,53,47,\N,\N,1,8
417,18_1_20141228194528.jpg,39,44,\N,\N,1,5
418,18_2_20141228194528.jpg,38,30,\N,\N,1,7
419,18_3_20141228194528.jpg,34,24,\N,\N,1,7
420,18_4_20141228194528.jpg,45,47,\N,\N,1,7
421,18_5_20141228194528.jpg,42,43,\N,\N,1,6
422,18_6_20141228194528.jpg,39,36,\N,\N,1,7
423,18_7_20141228194528.jpg,38,36,\N,\N,1,6
424,18_8_20141228194528.jpg,52,51,\N,\N,1,7
425,18_9_20141228194528.png,30,37,\N,\N,1,8
426,18_0_20141228200510.jpg,30,34,\N,\N,1,8
427,18_1_20141228200510.jpg,35,25,\N,\N,1,9
428,18_2_20141228200510.jpg,52,49,\N,\N,1,5
429,18_3_20141228200510.jpg,31,20,\N,\N,1,9
430,18_4_20141228200510.jpg,43,45,\N,\N,1,7
431,18_5_20141228200510.jpg,38,32,\N,\N,1,7
432,18_6_20141228200510.jpg,35,24,\N,\N,1,9
433,18_7_20141228200510.jpg,34,32,\N,\N,1,6
434,18_8_20141228200510.jpg,44,45,\N,\N,1,8
435,18_9_20141228200510.jpg,32,24,\N,\N,1,10
436,18_0_20141228200900.jpg,32,34,\N,\N,1,6
437,18_1_20141228200900.jpg,41,43,\N,\N,1,5
438,18_2_20141228200900.jpg,34,32,\N,\N,1,9
439,18_3_20141228200900.jpg,55,58,\N,\N,1,9
440,18_4_20141228200900.jpg,34,43,\N,\N,1,7
441,18_5_20141228200900.jpg,31,37,\N,\N,1,9
442,18_6_20141228200900.jpg,44,43,\N,\N,1,8
443,18_7_20141228200900.jpg,35,30,\N,\N,1,7
444,18_8_20141228200900.jpg,58,48,\N,\N,1,10
445,18_9_20141228200900.jpg,24,25,\N,\N,1,7
446,18_0_20141228201447.jpg,51,54,\N,\N,1,7
447,18_1_20141228201447.jpg,44,44,\N,\N,1,6
448,18_2_20141228201447.jpg,44,41,\N,\N,1,7
449,18_3_20141228201447.jpg,39,30,\N,\N,1,7
450,18_4_20141228201447.jpg,33,36,\N,\N,1,7
451,18_5_20141228201447.jpg,26,28,\N,\N,1,8
452,18_6_20141228201447.jpg,36,43,\N,\N,1,5
453,18_7_20141228201447.jpg,28,38,\N,\N,1,8
454,18_8_20141228201447.jpg,61,59,\N,\N,1,7
455,18_9_20141228201447.jpg,44,42,\N,\N,1,6
456,18_0_20141228202101.jpg,34,34,\N,\N,1,8
457,18_1_20141228202101.jpg,55,58,\N,\N,1,10
458,18_2_20141228202101.jpg,57,59,\N,\N,1,8
459,18_3_20141228202101.jpg,37,46,\N,\N,1,5
460,18_4_20141228202101.jpg,55,48,\N,\N,1,7
461,18_5_20141228202101.jpg,41,44,\N,\N,1,8
462,18_6_20141228202101.jpg,31,33,\N,\N,1,7
463,18_7_20141228202101.jpg,21,29,\N,\N,1,7
464,18_8_20141228202101.jpg,47,43,\N,\N,1,5
465,18_0_20141228202933.jpg,24,28,\N,\N,1,5
466,18_1_20141228202933.jpg,25,37,\N,\N,1,6
467,18_2_20141228202933.jpg,21,24,\N,\N,1,9
468,18_3_20141228202933.jpg,31,25,\N,\N,1,10
469,18_4_20141228202933.jpg,36,37,\N,\N,1,6
470,18_5_20141228202933.jpg,34,29,\N,\N,1,7
471,18_6_20141228202933.jpg,19,26,\N,\N,1,9
472,18_7_20141228202933.jpg,16,23,\N,\N,1,9
473,18_8_20141228202933.jpg,27,42,\N,\N,1,5
474,18_9_20141228202933.jpg,25,29,\N,\N,1,7
475,18_0_20141228203116.jpg,44,34,\N,\N,1,6
476,18_1_20141228203116.jpg,26,26,\N,\N,1,6
477,18_2_20141228203116.jpg,32,34,\N,\N,1,6
478,18_3_20141228203116.jpg,39,33,\N,\N,1,5
479,18_4_20141228203116.jpg,27,31,\N,\N,1,8
480,18_5_20141228203116.jpg,25,30,\N,\N,1,8
481,18_6_20141228203116.jpg,34,35,\N,\N,1,7
482,18_0_20141228203648.jpg,17,34,\N,\N,1,7
483,18_1_20141228203648.jpg,23,19,\N,\N,1,7
484,18_2_20141228203648.jpg,19,22,\N,\N,1,7
485,18_3_20141228203648.jpg,22,27,\N,\N,1,9
486,18_4_20141228203648.jpg,29,31,\N,\N,1,7
487,18_5_20141228203648.jpg,28,37,\N,\N,1,9
488,18_6_20141228203648.jpg,21,25,\N,\N,1,8
489,18_7_20141228203648.jpg,26,31,\N,\N,1,8
490,18_8_20141228203648.jpg,26,27,\N,\N,1,7
491,18_9_20141228203648.jpg,21,26,\N,\N,1,6
492,18_0_20141228203724.jpg,27,28,\N,\N,1,5
493,5_0_20141229112014.jpg,41,34,\N,\N,1,8
494,5_1_20141229112014.jpg,38,29,\N,\N,1,8
495,5_2_20141229112014.jpg,40,36,\N,\N,1,6
496,5_3_20141229112014.jpg,38,35,\N,\N,1,6
497,5_0_20141229112511.jpg,41,42,\N,\N,1,7
498,5_1_20141229112511.jpg,41,38,\N,\N,1,9
499,5_0_20141229113107.jpg,53,37,\N,\N,1,7
500,5_1_20141229113107.jpg,43,43,\N,\N,1,8
501,5_0_20141229113255.jpg,57,55,\N,\N,1,6
502,5_0_20141229113844.jpg,58,56,\N,\N,1,9
503,5_0_20141229114248.jpg,62,62,\N,\N,1,6
504,5_0_20141229114700.jpg,60,60,\N,\N,1,8
505,9_0_20141229115024.jpg,26,28,\N,\N,1,10
506,9_1_20141229115024.jpg,27,29,\N,\N,1,6
507,9_2_20141229115024.jpg,29,31,\N,\N,1,9
508,9_3_20141229115024.JPG,30,31,\N,\N,1,9
509,9_4_20141229115024.JPG,30,30,\N,\N,1,9
510,9_5_20141229115024.JPG,34,34,\N,\N,1,8
511,9_6_20141229115024.JPG,36,41,\N,\N,1,9
512,9_7_20141229115024.JPG,46,41,\N,\N,1,7
513,9_8_20141229115024.jpg,46,47,\N,\N,1,5
514,9_9_20141229115024.jpg,21,24,\N,\N,1,7
515,5_0_20141229115730.jpg,63,65,\N,\N,1,7
516,5_1_20141229115730.jpg,70,68,\N,\N,1,8
517,5_0_20141229120758.jpg,36,36,\N,\N,1,7
518,9_0_20141229120906.jpg,32,38,\N,\N,1,7
519,9_1_20141229120906.jpg,18,21,\N,\N,1,8
520,9_2_20141229120906.jpg,19,22,\N,\N,1,8
521,9_3_20141229120906.jpg,19,22,\N,\N,1,8
522,9_4_20141229120906.jpg,24,30,\N,\N,1,5
523,9_5_20141229120906.jpg,26,25,\N,\N,1,8
524,9_6_20141229120906.jpg,26,25,\N,\N,1,6
525,9_7_20141229120906.jpg,28,37,\N,\N,1,10
526,9_8_20141229120906.jpg,41,43,\N,\N,1,8
527,5_0_20141229121120.png,46,47,\N,\N,1,5
528,5_0_20141229121254.png,45,49,\N,\N,1,6
529,9_0_20141229121443.jpg,21,24,\N,\N,1,8
530,9_1_20141229121443.jpg,22,23,\N,\N,1,7
535,5_0_20141229121739.JPG,47,44,\N,\N,1,10
536,5_0_20141229121957.jpg,53,51,\N,\N,1,9
538,9_1_20141229122124.jpg,24,37,\N,\N,1,7
539,9_2_20141229122124.JPG,24,23,\N,\N,1,10
541,9_4_20141229122124.jpg,27,30,\N,\N,1,8
543,9_6_20141229122124.jpg,28,24,\N,\N,1,6
544,9_7_20141229122124.jpg,29,32,\N,\N,1,8
545,5_0_20141229122144.png,73,62,\N,\N,1,8
546,5_0_20141229122316.png,73,65,\N,\N,1,8
547,9_0_20141229122506.jpg,24,23,\N,\N,1,6
549,9_2_20141229122506.jpg,84,74,\N,\N,1,7
550,5_0_20141229122754.png,50,51,\N,\N,1,6
551,5_1_20141229122754.png,54,51,\N,\N,1,5
552,5_0_20141229123006.jpg,58,61,\N,\N,1,8
553,5_0_20141229123144.jpg,54,56,\N,\N,1,8
554,5_0_20141229123632.JPG,56,51,\N,\N,1,7
555,5_1_20141229123632.jpg,55,53,\N,\N,1,8
556,5_0_20141229124127.jpg,39,37,\N,\N,1,7
557,5_1_20141229124127.jpg,36,40,\N,\N,1,7
558,5_2_20141229124127.jpg,36,38,\N,\N,1,8
559,5_0_20141229124406.jpg,70,65,\N,\N,1,7
560,5_1_20141229124406.jpg,65,61,\N,\N,1,6
561,5_0_20141229125037.jpg,58,60,\N,\N,1,6
562,5_1_20141229125037.jpg,58,59,\N,\N,1,10
563,5_0_20141229125754.jpg,59,56,\N,\N,1,7
564,5_1_20141229125754.jpg,59,54,\N,\N,1,9
565,5_2_20141229125754.jpg,59,55,\N,\N,1,9
566,5_0_20141229130647.jpg,70,61,\N,\N,1,9
567,5_1_20141229130647.jpg,71,69,\N,\N,1,7
568,5_0_20141229131359.jpg,53,50,\N,\N,1,6
569,5_0_20141229132034.jpg,60,60,\N,\N,1,8
570,5_1_20141229132034.jpg,49,51,\N,\N,1,7
571,5_0_20141229132543.jpg,53,52,\N,\N,1,9
572,5_1_20141229132543.jpg,60,58,\N,\N,1,9
573,5_0_20141229133109.jpg,44,42,\N,\N,1,8
574,5_1_20141229133109.jpg,60,55,\N,\N,1,7
575,5_2_20141229133109.jpg,47,51,\N,\N,1,9
576,5_3_20141229133109.jpg,50,51,\N,\N,1,6
577,5_0_20141229134119.jpg,45,39,\N,\N,1,9
578,5_1_20141229134119.jpg,46,46,\N,\N,1,9
579,5_2_20141229134119.jpg,47,48,\N,\N,1,5
580,5_3_20141229134119.jpg,50,57,\N,\N,1,8
581,5_0_20141229134740.jpg,46,50,\N,\N,1,6
582,5_1_20141229134740.jpg,37,35,\N,\N,1,9
583,5_2_20141229134740.jpg,42,35,\N,\N,1,9
584,5_3_20141229134740.jpg,75,71,\N,\N,1,5
585,5_0_20141229135403.jpg,53,49,\N,\N,1,7
586,5_1_20141229135403.jpg,40,33,\N,\N,1,7
587,5_2_20141229135403.jpg,41,42,\N,\N,1,10
588,5_3_20141229135403.jpg,46,41,\N,\N,1,8
589,5_4_20141229135403.jpg,55,50,\N,\N,1,6
590,5_0_20141229140622.jpg,32,34,\N,\N,1,8
591,5_1_20141229140622.jpg,37,40,\N,\N,1,7
592,5_2_20141229140622.jpg,23,28,\N,\N,1,7
593,5_3_20141229140622.jpg,54,53,\N,\N,1,7
594,5_0_20141229141237.jpg,63,56,\N,\N,1,8
595,5_1_20141229141237.jpg,50,53,\N,\N,1,8
596,5_2_20141229141237.jpg,48,41,\N,\N,1,5
597,5_3_20141229141237.jpg,35,39,\N,\N,1,9
598,5_4_20141229141237.jpg,59,55,\N,\N,1,8
599,5_0_20141229141733.jpg,64,54,\N,\N,1,6
600,5_1_20141229141733.jpg,66,64,\N,\N,1,7
601,5_2_20141229141733.jpg,59,53,\N,\N,1,8
602,5_3_20141229141733.jpg,48,48,\N,\N,1,6
603,5_4_20141229141733.jpg,47,48,\N,\N,1,7
604,5_5_20141229141733.jpg,49,39,\N,\N,1,5
605,5_0_20141229142738.jpg,71,65,\N,\N,1,9
606,5_1_20141229142738.jpg,58,54,\N,\N,1,9
607,5_2_20141229142738.jpg,50,53,\N,\N,1,10
608,5_3_20141229142738.jpg,50,51,\N,\N,1,8
609,5_0_20141229145838.jpg,57,52,\N,\N,1,8
610,5_1_20141229145838.jpg,56,53,\N,\N,1,7
611,5_2_20141229145838.jpg,25,27,\N,\N,1,8
612,5_3_20141229145838.jpg,35,37,\N,\N,1,7
613,5_0_20141229150402.jpg,59,54,\N,\N,1,11
614,5_1_20141229150402.jpg,26,54,\N,\N,1,8
615,5_0_20141229152102.jpg,45,47,\N,\N,1,5
616,5_1_20141229152102.jpg,43,48,\N,\N,1,6
617,5_2_20141229152102.jpg,61,57,\N,\N,1,9
618,5_3_20141229152102.jpg,60,60,\N,\N,1,8
619,5_0_20141229153054.jpg,56,59,\N,\N,1,7
620,5_1_20141229153054.jpg,61,58,\N,\N,1,10
621,5_2_20141229153054.jpg,49,49,\N,\N,1,8
622,5_3_20141229153054.jpg,32,33,\N,\N,1,8
623,5_0_20141229153422.png,48,47,\N,\N,1,10
624,5_1_20141229153422.png,39,37,\N,\N,1,7
625,5_2_20141229153422.jpg,63,59,\N,\N,1,6
626,5_0_20141229153502.jpg,46,52,\N,\N,1,9
627,5_1_20141229153502.png,61,57,\N,\N,1,9
628,5_0_20141229153741.jpg,57,53,\N,\N,1,7
629,9_0_20141230005146.jpg,20,21,\N,\N,1,8
630,9_1_20141230005146.jpg,21,29,\N,\N,1,6
631,9_2_20141230005146.jpg,23,18,\N,\N,1,7
632,9_3_20141230005146.png,27,30,\N,\N,1,9
633,9_4_20141230005146.jpg,27,24,\N,\N,1,8
634,9_0_20141230010729.jpg,18,21,\N,\N,1,6
635,9_1_20141230010729.jpg,17,24,\N,\N,1,7
636,9_2_20141230010729.jpg,20,24,\N,\N,1,9
637,9_3_20141230010729.JPG,24,25,\N,\N,1,9
638,9_4_20141230010729.JPG,25,26,\N,\N,1,9
639,9_5_20141230010729.jpg,25,26,\N,\N,1,6
640,9_6_20141230010729.jpg,28,28,\N,\N,1,8
641,9_7_20141230010729.jpg,33,37,\N,\N,1,9
642,9_8_20141230010729.JPG,38,34,\N,\N,1,8
643,9_9_20141230010729.JPG,42,40,\N,\N,1,9
644,9_0_20141230012227.jpg,20,25,\N,\N,1,8
645,9_1_20141230012227.jpg,19,25,\N,\N,1,7
646,9_2_20141230012227.jpg,21,27,\N,\N,1,7
647,9_3_20141230012227.jpg,23,24,\N,\N,1,6
648,9_4_20141230012227.jpg,24,32,\N,\N,1,9
649,9_5_20141230012227.JPG,25,27,\N,\N,1,5
650,9_6_20141230012227.jpg,25,27,\N,\N,1,10
651,9_7_20141230012227.jpg,26,29,\N,\N,1,7
652,9_8_20141230012227.jpg,27,29,\N,\N,1,6
653,9_9_20141230012227.jpg,32,27,\N,\N,1,6
654,9_0_20141230012925.jpg,17,21,\N,\N,1,6
655,9_1_20141230012925.jpg,24,21,\N,\N,1,11
656,9_2_20141230012925.jpg,25,27,\N,\N,1,11
657,9_3_20141230012925.JPG,72,69,\N,\N,1,7
658,9_0_20141230013622.JPG,19,23,\N,\N,1,7
659,9_1_20141230013622.jpg,23,28,\N,\N,1,6
660,9_2_20141230013622.jpg,28,30,\N,\N,1,5
661,9_3_20141230013622.jpg,34,37,\N,\N,1,10
662,9_4_20141230013622.jpg,35,35,\N,\N,1,9
663,9_5_20141230013622.jpg,47,46,\N,\N,1,8
664,4_0_20141230173328.jpg,64,69,\N,\N,1,6
665,4_1_20141230173328.jpg,41,40,\N,\N,1,7
666,4_2_20141230173328.jpg,69,63,\N,\N,1,7
667,4_3_20141230173328.JPG,50,53,\N,\N,1,6
668,4_4_20141230173328.jpg,65,59,\N,\N,1,8
669,4_5_20141230173328.JPG,45,47,\N,\N,1,8
670,4_6_20141230173328.jpg,43,48,\N,\N,1,8
671,4_7_20141230173328.jpg,58,56,\N,\N,1,7
672,4_8_20141230173328.jpg,71,59,\N,\N,1,9
673,4_9_20141230173328.JPG,58,58,\N,\N,1,7
674,4_0_20141230181126.png,39,26,\N,\N,1,8
675,4_1_20141230181126.jpg,68,66,\N,\N,1,7
676,4_2_20141230181126.JPG,30,26,\N,\N,1,8
677,4_3_20141230181126.jpg,64,62,\N,\N,1,9
678,4_4_20141230181126.jpg,60,58,\N,\N,1,7
679,4_0_20141230181226.jpg,56,45,\N,\N,1,10
680,4_1_20141230181226.jpg,51,49,\N,\N,1,6
681,4_2_20141230181226.JPG,51,49,\N,\N,1,6
682,4_3_20141230181226.jpg,49,44,\N,\N,1,6
683,4_4_20141230181226.jpg,58,60,\N,\N,1,9
684,4_0_20141230181348.jpg,41,51,\N,\N,1,9
685,4_1_20141230181348.jpg,62,57,\N,\N,1,7
686,4_2_20141230181348.jpg,87,68,\N,\N,1,9
687,4_3_20141230181348.jpg,55,55,\N,\N,1,8
688,4_4_20141230181348.jpg,62,65,\N,\N,1,8
689,4_0_20141230181532.jpg,87,71,\N,\N,1,9
690,4_1_20141230181532.jpg,29,31,\N,\N,1,7
691,4_2_20141230181532.jpg,61,64,\N,\N,1,9
692,4_3_20141230181532.jpg,36,32,\N,\N,1,8
693,4_4_20141230181532.jpg,41,44,\N,\N,1,9
694,4_0_20141230181713.jpg,41,47,\N,\N,1,7
695,4_1_20141230181713.jpg,41,44,\N,\N,1,10
696,4_2_20141230181713.jpg,41,50,\N,\N,1,7
697,4_3_20141230181713.JPG,50,55,\N,\N,1,9
698,4_4_20141230181713.JPG,50,55,\N,\N,1,7
699,4_0_20141230181846.jpg,55,55,\N,\N,1,8
700,4_1_20141230181846.jpg,55,59,\N,\N,1,9
701,4_2_20141230181846.jpg,58,59,\N,\N,1,9
702,4_3_20141230181846.jpg,51,47,\N,\N,1,6
703,4_4_20141230181846.JPG,30,29,\N,\N,1,10
704,4_0_20141230182024.jpg,63,58,\N,\N,1,8
705,4_1_20141230182024.jpg,30,28,\N,\N,1,7
706,4_2_20141230182024.jpg,63,60,\N,\N,1,8
707,4_3_20141230182024.jpg,48,48,\N,\N,1,8
708,4_4_20141230182024.jpg,47,45,\N,\N,1,10
709,4_5_20141230182024.jpg,42,47,\N,\N,1,6
710,4_6_20141230182024.jpg,57,56,\N,\N,1,10
711,4_7_20141230182024.jpg,71,59,\N,\N,1,6
712,4_8_20141230182024.jpg,60,56,\N,\N,1,7
713,4_9_20141230182024.jpg,33,31,\N,\N,1,8
714,4_0_20141230182317.jpg,32,33,\N,\N,1,8
715,4_1_20141230182317.jpg,58,55,\N,\N,1,6
716,4_2_20141230182317.jpg,30,30,\N,\N,1,10
717,4_3_20141230182317.jpg,62,58,\N,\N,1,8
718,4_4_20141230182317.jpg,44,49,\N,\N,1,8
719,4_5_20141230182317.jpg,61,56,\N,\N,1,8
720,4_6_20141230182317.jpg,57,51,\N,\N,1,8
721,4_7_20141230182317.png,22,20,\N,\N,1,9
722,4_8_20141230182317.jpg,49,50,\N,\N,1,7
723,4_9_20141230182317.jpg,51,56,\N,\N,1,10
724,4_0_20141230182452.jpg,59,59,\N,\N,1,7
725,4_1_20141230182452.jpg,64,59,\N,\N,1,5
726,4_2_20141230182452.jpg,64,59,\N,\N,1,7
727,4_3_20141230182452.jpg,64,61,\N,\N,1,5
728,4_4_20141230182452.jpg,64,58,\N,\N,1,8
729,4_5_20141230182452.jpg,64,60,\N,\N,1,7
730,4_6_20141230182452.jpg,65,58,\N,\N,1,7
731,4_7_20141230182452.jpg,59,58,\N,\N,1,7
732,4_8_20141230182452.jpg,48,46,\N,\N,1,9
733,4_9_20141230182452.jpg,55,54,\N,\N,1,10
734,4_0_20141230182654.jpg,40,38,\N,\N,1,6
735,4_1_20141230182654.jpg,41,48,\N,\N,1,7
736,4_2_20141230182654.jpg,45,52,\N,\N,1,7
737,4_3_20141230182654.jpg,50,50,\N,\N,1,8
738,4_4_20141230182654.jpg,44,47,\N,\N,1,8
739,4_5_20141230182654.jpg,69,64,\N,\N,1,7
740,4_6_20141230182654.jpg,59,61,\N,\N,1,10
741,4_7_20141230182654.jpg,70,69,\N,\N,1,8
742,4_8_20141230182654.jpg,70,66,\N,\N,1,8
743,4_9_20141230182654.jpg,70,63,\N,\N,1,8
744,4_0_20141230182807.JPG,51,53,\N,\N,1,8
745,4_1_20141230182807.JPG,32,34,\N,\N,1,6
746,4_2_20141230182807.jpg,37,33,\N,\N,1,6
747,108_0_20141230190920.jpg,60,60,\N,\N,1,9
748,108_1_20141230190920.jpg,55,55,\N,\N,1,8
749,108_2_20141230190920.jpg,65,60,\N,\N,1,8
750,108_3_20141230190920.jpg,40,42,\N,\N,1,6
751,108_4_20141230190920.jpg,70,59,\N,\N,1,7
752,108_5_20141230190920.jpg,72,67,\N,\N,1,8
753,108_6_20141230190920.jpg,60,58,\N,\N,1,9
754,108_7_20141230190920.jpg,77,72,\N,\N,1,8
755,108_8_20141230190920.jpg,50,53,\N,\N,1,7
756,108_9_20141230190920.jpg,29,37,\N,\N,1,10
757,9_0_20141230192108.jpg,20,20,\N,\N,1,5
758,9_1_20141230192108.jpg,21,24,\N,\N,1,7
759,9_2_20141230192108.jpg,22,28,\N,\N,1,9
760,9_3_20141230192108.JPG,24,31,\N,\N,1,7
761,9_4_20141230192108.jpg,25,25,\N,\N,1,7
762,9_5_20141230192108.jpg,25,25,\N,\N,1,6
763,9_6_20141230192108.jpg,28,26,\N,\N,1,9
764,9_7_20141230192108.JPG,36,39,\N,\N,1,6
765,9_8_20141230192108.jpg,25,24,\N,\N,1,7
766,108_0_20141230192302.jpg,48,54,\N,\N,1,9
767,108_1_20141230192302.png,58,59,\N,\N,1,8
768,108_2_20141230192302.jpg,46,48,\N,\N,1,6
769,108_3_20141230192302.jpg,60,63,\N,\N,1,9
770,108_4_20141230192302.jpg,69,60,\N,\N,1,5
771,108_5_20141230192302.jpg,58,55,\N,\N,1,8
772,108_6_20141230192302.jpg,50,46,\N,\N,1,9
773,108_7_20141230192302.jpg,48,53,\N,\N,1,8
774,108_8_20141230192302.jpg,51,59,\N,\N,1,6
775,9_0_20141230193152.jpg,21,24,\N,\N,1,7
776,9_1_20141230193152.jpg,21,24,\N,\N,1,6
777,9_2_20141230193152.jpg,23,24,\N,\N,1,6
778,9_3_20141230193152.JPG,24,25,\N,\N,1,7
779,9_4_20141230193152.jpg,27,28,\N,\N,1,8
780,9_5_20141230193152.jpg,30,27,\N,\N,1,8
781,9_6_20141230193152.jpg,45,51,\N,\N,1,6
782,9_7_20141230193152.jpg,45,45,\N,\N,1,7
783,1_0_20150103120714.jpg,8,8,\N,\N,1,6
784,1_1_20150103120714.jpg,5,15,\N,\N,1,4
785,1_2_20150103120714.jpg,6,9,\N,\N,1,8
786,1_3_20150103120714.jpg,4,4,\N,\N,1,4
787,113_0_20150104132932.jpg,0,0,\N,\N,0,1
788,113_1_20150104132932.jpg,0,0,\N,\N,0,1
789,113_2_20150104132932.jpg,0,21,\N,\N,1,6
790,113_3_20150104132932.jpg,0,0,\N,\N,0,1
791,113_4_20150104132932.jpg,0,14,\N,\N,0,2
792,113_5_20150104132932.jpg,0,13,\N,\N,0,2
793,113_6_20150104132932.jpg,0,0,\N,\N,0,1
794,113_7_20150104132932.jpg,0,14,\N,\N,0,2
795,113_8_20150104132932.jpg,0,0,\N,\N,0,1
796,113_9_20150104132932.jpg,0,0,\N,\N,0,1
797,31_0_20150104160935.jpg,17,19,\N,\N,1,4
798,31_1_20150104160935.jpg,15,8,\N,\N,1,7
799,31_2_20150104160935.jpg,65,49,\N,\N,1,5
800,31_3_20150104160935.jpg,57,50,\N,\N,1,7
801,31_4_20150104160935.jpg,23,25,\N,\N,1,6
802,31_5_20150104160935.jpg,24,19,\N,\N,1,6
803,31_6_20150104160935.jpg,41,33,\N,\N,1,6
804,31_7_20150104160935.jpg,56,46,\N,\N,1,6
805,31_8_20150104160935.jpg,57,43,\N,\N,1,4
806,31_9_20150104160935.jpg,0,0,\N,\N,0,1
807,113_0_20150104171228.JPG,0,24,\N,\N,1,5
808,113_0_20150104171313.JPG,0,19,\N,\N,1,9
809,113_0_20150104171425.JPG,0,23,\N,\N,1,7
810,113_0_20150104171824.JPG,0,19,\N,\N,1,7
811,113_0_20150104172304.JPG,0,24,\N,\N,1,8
812,113_0_20150104172331.JPG,0,24,\N,\N,1,6
813,113_0_20150104172440.JPG,0,25,\N,\N,1,5
814,113_0_20150104172532.JPG,0,20,\N,\N,1,3
815,113_0_20150104172612.JPG,0,16,\N,\N,1,5
816,113_0_20150104172700.JPG,0,21,\N,\N,1,5
817,113_0_20150104172746.JPG,0,18,\N,\N,1,5
818,113_0_20150104172928.JPG,0,21,\N,\N,1,7
819,113_0_20150104173027.JPG,0,22,\N,\N,1,4
820,113_0_20150104173121.JPG,0,23,\N,\N,1,5
821,113_0_20150104173231.JPG,0,20,\N,\N,1,6
822,113_0_20150104173303.JPG,0,20,\N,\N,1,6
823,113_0_20150104173350.JPG,0,16,\N,\N,1,4
824,113_0_20150104173420.JPG,0,25,\N,\N,1,6
825,113_0_20150104173514.JPG,0,20,\N,\N,1,5
826,21_0_20150105183144.jpg,37,48,\N,\N,1,4
827,21_1_20150105183144.JPG,45,42,\N,\N,1,5
828,21_2_20150105183144.jpg,47,60,\N,\N,1,6
829,21_3_20150105183144.jpg,34,35,\N,\N,1,8
830,21_4_20150105183144.jpg,42,43,\N,\N,1,6
831,21_5_20150105183144.jpg,22,25,\N,\N,1,5
832,21_6_20150105183144.JPG,30,24,\N,\N,1,7
833,21_7_20150105183144.jpg,34,38,\N,\N,1,6
834,21_8_20150105183144.jpg,37,37,\N,\N,1,4
835,21_9_20150105183144.JPG,34,30,\N,\N,1,6
836,21_0_20150105183529.jpg,32,36,\N,\N,1,3
837,21_1_20150105183529.jpg,44,48,\N,\N,1,5
838,21_2_20150105183529.jpg,65,62,\N,\N,1,6
839,21_3_20150105183529.png,47,50,\N,\N,1,7
840,21_4_20150105183529.jpg,27,37,\N,\N,1,4
841,21_0_20150105183809.jpg,67,67,\N,\N,1,6
842,21_1_20150105183809.jpg,46,40,\N,\N,1,5
843,21_2_20150105183809.JPG,47,36,\N,\N,1,6
844,21_3_20150105183809.jpg,65,63,\N,\N,1,5
845,21_4_20150105183809.jpg,38,27,\N,\N,1,5
846,21_0_20150105184016.jpg,69,66,\N,\N,1,5
847,21_1_20150105184016.jpg,72,75,\N,\N,1,8
848,21_2_20150105184016.JPG,6,4,\N,\N,1,6
849,21_3_20150105184016.jpg,20,20,\N,\N,1,4
850,21_4_20150105184016.JPG,26,25,\N,\N,1,6
851,21_0_20150105184147.png,26,22,\N,\N,1,6
852,21_1_20150105184147.jpg,28,28,\N,\N,1,5
853,21_2_20150105184147.jpg,32,29,\N,\N,1,6
854,21_3_20150105184147.jpg,35,43,\N,\N,1,7
855,21_4_20150105184147.jpg,58,48,\N,\N,1,7
856,21_0_20150105184334.png,47,50,\N,\N,1,4
857,21_1_20150105184334.jpg,45,49,\N,\N,1,4
858,21_2_20150105184334.JPG,23,29,\N,\N,1,6
859,21_3_20150105184334.JPG,23,34,\N,\N,1,5
860,21_4_20150105184334.JPG,23,35,\N,\N,1,9
861,21_0_20150105184524.jpg,35,28,\N,\N,1,5
862,21_1_20150105184524.jpg,36,27,\N,\N,1,8
863,21_2_20150105184524.JPG,41,48,\N,\N,1,7
864,21_3_20150105184524.jpg,38,37,\N,\N,1,5
865,21_4_20150105184524.jpg,33,29,\N,\N,1,5
866,21_0_20150105184706.jpg,45,37,\N,\N,1,5
867,21_1_20150105184706.jpg,47,38,\N,\N,1,4
868,21_2_20150105184706.jpg,76,67,\N,\N,1,8
869,21_3_20150105184706.jpg,44,38,\N,\N,1,6
870,21_4_20150105184706.jpg,73,69,\N,\N,1,6
871,21_0_20150105184843.jpg,56,58,\N,\N,1,6
872,21_1_20150105184843.jpg,72,65,\N,\N,1,5
873,21_2_20150105184843.JPG,50,49,\N,\N,1,5
874,21_3_20150105184843.JPG,42,48,\N,\N,1,4
875,21_4_20150105184843.jpg,34,33,\N,\N,1,7
876,21_0_20150105185010.jpg,24,20,\N,\N,1,5
877,21_1_20150105185010.jpg,50,46,\N,\N,1,7
878,21_2_20150105185010.jpg,23,23,\N,\N,1,6
886,21_0_20150105185356.jpg,50,62,\N,\N,1,6
887,21_1_20150105185356.jpg,45,52,\N,\N,1,6
888,21_2_20150105185356.jpg,48,49,\N,\N,1,6
889,21_3_20150105185356.jpg,38,56,\N,\N,1,5
890,21_4_20150105185356.jpg,51,56,\N,\N,1,6
891,21_0_20150105185525.jpg,29,30,\N,\N,1,4
892,21_1_20150105185525.jpg,36,41,\N,\N,1,5
893,21_2_20150105185525.jpg,30,35,\N,\N,1,6
894,21_3_20150105185525.jpg,30,34,\N,\N,1,5
895,21_4_20150105185525.jpg,35,35,\N,\N,1,4
896,21_0_20150105185716.jpg,36,34,\N,\N,1,8
897,21_1_20150105185716.jpg,63,69,\N,\N,1,7
898,21_2_20150105185716.jpg,31,26,\N,\N,1,5
899,21_3_20150105185716.jpg,53,53,\N,\N,1,7
900,21_4_20150105185716.jpg,41,39,\N,\N,1,5
901,21_0_20150105185906.jpg,39,51,\N,\N,1,8
902,21_1_20150105185906.jpg,38,36,\N,\N,1,5
903,21_2_20150105185906.jpg,27,30,\N,\N,1,4
904,21_3_20150105185906.jpg,48,50,\N,\N,1,5
905,21_4_20150105185906.jpg,48,50,\N,\N,1,5
906,21_0_20150105190047.jpg,47,57,\N,\N,1,5
907,21_1_20150105190047.jpg,43,38,\N,\N,1,6
908,21_2_20150105190047.jpg,67,57,\N,\N,1,6
909,21_3_20150105190047.jpg,82,81,\N,\N,1,6
910,21_4_20150105190047.jpg,32,42,\N,\N,1,5
911,21_0_20150105190242.JPG,23,24,\N,\N,1,8
912,21_1_20150105190242.JPG,43,40,\N,\N,1,5
913,21_2_20150105190242.jpg,41,42,\N,\N,1,5
914,21_3_20150105190242.jpg,28,37,\N,\N,1,6
915,21_4_20150105190242.jpg,20,21,\N,\N,1,5
916,21_0_20150105190408.jpg,35,31,\N,\N,1,7
917,21_1_20150105190408.JPG,21,25,\N,\N,1,4
918,21_2_20150105190408.jpg,54,63,\N,\N,1,6
919,21_3_20150105190408.jpg,62,68,\N,\N,1,6
920,21_4_20150105190408.jpg,52,50,\N,\N,1,6
921,21_0_20150105190604.jpg,52,51,\N,\N,1,5
922,21_1_20150105190604.jpg,56,54,\N,\N,1,5
923,21_2_20150105190604.jpg,56,64,\N,\N,1,7
924,21_3_20150105190604.JPG,29,30,\N,\N,1,6
928,21_2_20150105190833.jpg,54,59,\N,\N,1,6
929,21_3_20150105190833.JPG,24,29,\N,\N,1,4
930,21_4_20150105190833.jpg,42,41,\N,\N,1,4
931,21_0_20150105191013.jpg,36,36,\N,\N,1,7
932,21_1_20150105191013.jpg,38,35,\N,\N,1,6
933,21_2_20150105191013.jpg,42,39,\N,\N,1,5
934,21_3_20150105191013.jpg,44,36,\N,\N,1,7
935,21_4_20150105191013.jpg,41,37,\N,\N,1,7
936,118_0_20150107153254.jpg,37,30,\N,\N,1,6
937,123_0_20150111093349.JPG,53,47,\N,\N,1,3
938,123_1_20150111093349.JPG,62,62,\N,\N,1,2
939,123_2_20150111093349.jpg,59,64,\N,\N,1,3
940,123_0_20150111093811.jpg,6,5,\N,\N,1,2
941,123_1_20150111093811.JPG,52,45,\N,\N,1,3
942,123_2_20150111093811.jpg,24,28,\N,\N,1,2
943,123_0_20150111094046.jpg,30,32,\N,\N,1,2
944,123_1_20150111094046.jpg,26,35,\N,\N,1,2
